<application>
  <component name="FileTypeManager" version="18">
    <ignoreFiles list="*.pyc;*.pyo;*.rbc;*.yarb;*~;.DS_Store;.git;.github;.hg;.svn;CVS;__pycache__;_svn;vssver.scc;vssver2.scc" />
    <extensionMap>
      <mapping pattern="subversion-access-control" type="AUTO_DETECTED" />
      <mapping pattern="passwd" type="AUTO_DETECTED" />
      <mapping ext="cnf" type="PLAIN_TEXT" />
      <removed_mapping ext="proto" approved="true" type="PLAIN_TEXT" />
    </extensionMap>
  </component>
</application>